source_hash,binary_sha256,command,cpu_system_s,cpu_user_s,cutoff_seconds,exit_code,peak_rss_kib,started_utc,status,stderr,stdout,usage,wall_ms
0227326bd81c1a30671b3ea98ab492dbd39ddde8182dc481a102f4371a64907f,e16cba6b48e4ce1b112f15e00f54a3f3cff3ae428ed42ea4a7d06adb25339e25,"['souffle', '-j', '1', '-o', '/home/dhilipsiva/projects/dhilipsiva/nibli/paper/results/evaluation/compiled/0227326bd81c1a30671b3ea98ab492dbd39ddde8182dc481a102f4371a64907f/program', '/home/dhilipsiva/projects/dhilipsiva/nibli/paper/results/evaluation/inputs/comparison-chain-32-backward-s47-d10-m1-verdict/input.dl']",0.62,8.52,300,0,493912,2026-09-14T08:59:08.849677+00:00,ok,paper/results/evaluation/compiled/0227326bd81c1a30671b3ea98ab492dbd39ddde8182dc481a102f4371a64907f/compile.stderr,paper/results/evaluation/compiled/0227326bd81c1a30671b3ea98ab492dbd39ddde8182dc481a102f4371a64907f/compile.stdout,paper/results/evaluation/compiled/0227326bd81c1a30671b3ea98ab492dbd39ddde8182dc481a102f4371a64907f/compile.time,9324.460685000304
0230cadc238ec34b0bd6031081f3b0dafd2bfaf52855ce2ccfee9f3ae1a8c595,72e82bacf04d235843f16759a2a19560d464f8ed07ed9b868dd8262aa7b4fe1d,"['souffle', '-j', '1', '-o', '/home/dhilipsiva/projects/dhilipsiva/nibli/paper/results/evaluation/compiled/0230cadc238ec34b0bd6031081f3b0dafd2bfaf52855ce2ccfee9f3ae1a8c595/program', '/home/dhilipsiva/projects/dhilipsiva/nibli/paper/results/evaluation/inputs/comparison-chain-32-forward-s11-d10-m1-verdict/input.dl']",0.56,8.14,300,0,493956,2026-09-14T08:55:22.570340+00:00,ok,paper/results/evaluation/compiled/0230cadc238ec34b0bd6031081f3b0dafd2bfaf52855ce2ccfee9f3ae1a8c595/compile.stderr,paper/results/evaluation/compiled/0230cadc238ec34b0bd6031081f3b0dafd2bfaf52855ce2ccfee9f3ae1a8c595/compile.stdout,paper/results/evaluation/compiled/0230cadc238ec34b0bd6031081f3b0dafd2bfaf52855ce2ccfee9f3ae1a8c595/compile.time,8870.946131999517
05a7f4c87510fd3a9d0e330df8c225c9d036f8af127ac9d0ea5675fd7e1a5005,0fa075ede3eb4ab7a4fb3691eec7e9a1e71660c8046935c9e0bdab1e66baf967,"['souffle', '-j', '1', '-o', '/home/dhilipsiva/projects/dhilipsiva/nibli/paper/results/evaluation/compiled/05a7f4c87510fd3a9d0e330df8c225c9d036f8af127ac9d0ea5675fd7e1a5005/program', '/home/dhilipsiva/projects/dhilipsiva/nibli/paper/results/evaluation/inputs/comparison-chain-16-backward-s131-d10-m1-verdict/input.dl']",0.58,8.43,300,0,494096,2026-09-14T09:00:42.532713+00:00,ok,paper/results/evaluation/compiled/05a7f4c87510fd3a9d0e330df8c225c9d036f8af127ac9d0ea5675fd7e1a5005/compile.stderr,paper/results/evaluation/compiled/05a7f4c87510fd3a9d0e330df8c225c9d036f8af127ac9d0ea5675fd7e1a5005/compile.stdout,paper/results/evaluation/compiled/05a7f4c87510fd3a9d0e330df8c225c9d036f8af127ac9d0ea5675fd7e1a5005/compile.time,9220.791351001026
0d5a737252f60f63eb9ddd8adadce8dd3280d1e02bc10e0cff80e3f803f91284,dcc6231fcec153095be27a1633470ebf11b37903881a8788362df1063d0b6343,"['souffle', '-j', '1', '-o', '/home/dhilipsiva/projects/dhilipsiva/nibli/paper/results/evaluation/compiled/0d5a737252f60f63eb9ddd8adadce8dd3280d1e02bc10e0cff80e3f803f91284/program', '/home/dhilipsiva/projects/dhilipsiva/nibli/paper/results/evaluation/inputs/comparison-chain-32-forward-s131-d10-m1-verdict/input.dl']",0.57,9.06,300,0,493716,2026-09-14T09:00:23.727273+00:00,ok,paper/results/evaluation/compiled/0d5a737252f60f63eb9ddd8adadce8dd3280d1e02bc10e0cff80e3f803f91284/compile.stderr,paper/results/evaluation/compiled/0d5a737252f60f63eb9ddd8adadce8dd3280d1e02bc10e0cff80e3f803f91284/compile.stdout,paper/results/evaluation/compiled/0d5a737252f60f63eb9ddd8adadce8dd3280d1e02bc10e0cff80e3f803f91284/compile.time,9774.274845000036
0d63bbb1ceb59719a3802b1b5fa889e8bec2e44ce4916d50fc8b85c97a1fc5d3,9c076ce74e3c28cecc98901b2a6bbf4911d8fa8ff1f44dcfe587adfe9af11e52,"['souffle', '-j', '1', '-o', '/home/dhilipsiva/projects/dhilipsiva/nibli/paper/results/evaluation/compiled/0d63bbb1ceb59719a3802b1b5fa889e8bec2e44ce4916d50fc8b85c97a1fc5d3/program', '/home/dhilipsiva/projects/dhilipsiva/nibli/paper/results/evaluation/inputs/comparison-chain-32-forward-s83-d10-m1-verdict/input.dl']",0.6,8.15,300,0,493956,2026-09-14T09:00:51.755885+00:00,ok,paper/results/evaluation/compiled/0d63bbb1ceb59719a3802b1b5fa889e8bec2e44ce4916d50fc8b85c97a1fc5d3/compile.stderr,paper/results/evaluation/compiled/0d63bbb1ceb59719a3802b1b5fa889e8bec2e44ce4916d50fc8b85c97a1fc5d3/compile.stdout,paper/results/evaluation/compiled/0d63bbb1ceb59719a3802b1b5fa889e8bec2e44ce4916d50fc8b85c97a1fc5d3/compile.time,8932.363984000403
1761a15e6dc6343bc39fa76a6e433017e18d2278b6120aa6642aeaf3476929a1,ffb6d57547eae44e26f7b3322b95f9e2a9fc535d52f152fa35771d9370911ca8,"['souffle', '-j', '1', '-o', '/home/dhilipsiva/projects/dhilipsiva/nibli/paper/results/evaluation/compiled/1761a15e6dc6343bc39fa76a6e433017e18d2278b6120aa6642aeaf3476929a1/program', '/home/dhilipsiva/projects/dhilipsiva/nibli/paper/results/evaluation/inputs/comparison-chain-32-forward-s47-d10-m1-verdict/input.dl']",0.55,8.49,300,0,493956,2026-09-14T08:56:57.511791+00:00,ok,paper/results/evaluation/compiled/1761a15e6dc6343bc39fa76a6e433017e18d2278b6120aa6642aeaf3476929a1/compile.stderr,paper/results/evaluation/compiled/1761a15e6dc6343bc39fa76a6e433017e18d2278b6120aa6642aeaf3476929a1/compile.stdout,paper/results/evaluation/compiled/1761a15e6dc6343bc39fa76a6e433017e18d2278b6120aa6642aeaf3476929a1/compile.time,9223.69438900023
1abda39f21dfd0f368665b55bbe29752c8f7adff0b0f0f11fdfc8e8ed492c799,b88ccbf2de4d120a2b81422a6d0740a100b6d6fd716dbaa9a95f5a1ca032fb5f,"['souffle', '-j', '1', '-o', '/home/dhilipsiva/projects/dhilipsiva/nibli/paper/results/evaluation/compiled/1abda39f21dfd0f368665b55bbe29752c8f7adff0b0f0f11fdfc8e8ed492c799/program', '/home/dhilipsiva/projects/dhilipsiva/nibli/paper/results/evaluation/inputs/comparison-chain-12-forward-s47-d10-m1-verdict/input.dl']",0.58,8.1,300,0,493932,2026-09-14T08:55:13.711222+00:00,ok,paper/results/evaluation/compiled/1abda39f21dfd0f368665b55bbe29752c8f7adff0b0f0f11fdfc8e8ed492c799/compile.stderr,paper/results/evaluation/compiled/1abda39f21dfd0f368665b55bbe29752c8f7adff0b0f0f11fdfc8e8ed492c799/compile.stdout,paper/results/evaluation/compiled/1abda39f21dfd0f368665b55bbe29752c8f7adff0b0f0f11fdfc8e8ed492c799/compile.time,8846.788418999495
251c9ea1292550325906a983eb2e7cb39a12af14b4480ad22ab8bbd90f803a40,968d37336b0baf8f3896092e1f089c6fa4a877a7a3447e401c554d222d5bfb9c,"['souffle', '-j', '1', '-o', '/home/dhilipsiva/projects/dhilipsiva/nibli/paper/results/evaluation/compiled/251c9ea1292550325906a983eb2e7cb39a12af14b4480ad22ab8bbd90f803a40/program', '/home/dhilipsiva/projects/dhilipsiva/nibli/paper/results/evaluation/inputs/comparison-chain-4-backward-s131-d10-m1-verdict/input.dl']",0.59,8.81,300,0,493940,2026-09-14T08:59:55.440541+00:00,ok,paper/results/evaluation/compiled/251c9ea1292550325906a983eb2e7cb39a12af14b4480ad22ab8bbd90f803a40/compile.stderr,paper/results/evaluation/compiled/251c9ea1292550325906a983eb2e7cb39a12af14b4480ad22ab8bbd90f803a40/compile.stdout,paper/results/evaluation/compiled/251c9ea1292550325906a983eb2e7cb39a12af14b4480ad22ab8bbd90f803a40/compile.time,9593.9110420004
25b972b31bb53eb5062c354613c5b8a01371db4ad0e9708dbd08ad659fd5ff34,5962d21a203cf31ad3a0eacbd442e7289cb70d25d155ae736d1f8d0c82e5f422,"['souffle', '-j', '1', '-o', '/home/dhilipsiva/projects/dhilipsiva/nibli/paper/results/evaluation/compiled/25b972b31bb53eb5062c354613c5b8a01371db4ad0e9708dbd08ad659fd5ff34/program', '/home/dhilipsiva/projects/dhilipsiva/nibli/paper/results/evaluation/inputs/comparison-chain-4-forward-s23-d10-m1-verdict/input.dl']",0.62,8.59,300,0,493924,2026-09-14T09:00:14.326996+00:00,ok,paper/results/evaluation/compiled/25b972b31bb53eb5062c354613c5b8a01371db4ad0e9708dbd08ad659fd5ff34/compile.stderr,paper/results/evaluation/compiled/25b972b31bb53eb5062c354613c5b8a01371db4ad0e9708dbd08ad659fd5ff34/compile.stdout,paper/results/evaluation/compiled/25b972b31bb53eb5062c354613c5b8a01371db4ad0e9708dbd08ad659fd5ff34/compile.time,9379.309425999963
28b21f1b19e5060c35a69a78301468045e64c406dfc572e408bf2ee583d9db84,0a58c34e5941c9d223641fe9c5e9c1a026fe000d39d13911c3006959d187f3aa,"['souffle', '-j', '1', '-o', '/home/dhilipsiva/projects/dhilipsiva/nibli/paper/results/evaluation/compiled/28b21f1b19e5060c35a69a78301468045e64c406dfc572e408bf2ee583d9db84/program', '/home/dhilipsiva/projects/dhilipsiva/nibli/paper/results/evaluation/inputs/comparison-chain-12-backward-s47-d10-m1-verdict/input.dl']",0.73,9.09,300,0,493912,2026-09-14T08:58:39.763068+00:00,ok,paper/results/evaluation/compiled/28b21f1b19e5060c35a69a78301468045e64c406dfc572e408bf2ee583d9db84/compile.stderr,paper/results/evaluation/compiled/28b21f1b19e5060c35a69a78301468045e64c406dfc572e408bf2ee583d9db84/compile.stdout,paper/results/evaluation/compiled/28b21f1b19e5060c35a69a78301468045e64c406dfc572e408bf2ee583d9db84/compile.time,10047.03241399875
2bc1f47ab093abdad02e748b2f216e953cf3e0c1f31f97c307e11f9e11022340,79459161df26dc25b61a46fac3267e511d64d44053017c9a1f3a9529bc5f5e31,"['souffle', '-j', '1', '-o', '/home/dhilipsiva/projects/dhilipsiva/nibli/paper/results/evaluation/compiled/2bc1f47ab093abdad02e748b2f216e953cf3e0c1f31f97c307e11f9e11022340/program', '/home/dhilipsiva/projects/dhilipsiva/nibli/paper/results/evaluation/inputs/comparison-chain-8-backward-s83-d10-m1-verdict/input.dl']",0.58,8.35,300,0,493896,2026-09-14T08:57:53.071999+00:00,ok,paper/results/evaluation/compiled/2bc1f47ab093abdad02e748b2f216e953cf3e0c1f31f97c307e11f9e11022340/compile.stderr,paper/results/evaluation/compiled/2bc1f47ab093abdad02e748b2f216e953cf3e0c1f31f97c307e11f9e11022340/compile.stdout,paper/results/evaluation/compiled/2bc1f47ab093abdad02e748b2f216e953cf3e0c1f31f97c307e11f9e11022340/compile.time,9101.421882000068
3ec63e26d5cc7eada1520531e4ab82edda429dd0d5ab4e26674e60c71b1a7187,8ba291048cf3fbc69690d25098349cd17ba500fbe013ee6db84b3cbb0181e851,"['souffle', '-j', '1', '-o', '/home/dhilipsiva/projects/dhilipsiva/nibli/paper/results/evaluation/compiled/3ec63e26d5cc7eada1520531e4ab82edda429dd0d5ab4e26674e60c71b1a7187/program', '/home/dhilipsiva/projects/dhilipsiva/nibli/paper/results/evaluation/inputs/comparison-chain-16-forward-s23-d10-m1-verdict/input.dl']",0.62,8.59,300,0,493932,2026-09-14T08:54:55.177063+00:00,ok,paper/results/evaluation/compiled/3ec63e26d5cc7eada1520531e4ab82edda429dd0d5ab4e26674e60c71b1a7187/compile.stderr,paper/results/evaluation/compiled/3ec63e26d5cc7eada1520531e4ab82edda429dd0d5ab4e26674e60c71b1a7187/compile.stdout,paper/results/evaluation/compiled/3ec63e26d5cc7eada1520531e4ab82edda429dd0d5ab4e26674e60c71b1a7187/compile.time,9402.430289999756
406f466145ba7605a16b580b77d2fe7b1bb6130e3043703d22fbe53edc75bf55,602e8454a8d1efdd0ac42e497349cea29784010120de5e583f0f982a8dd5d423,"['souffle', '-j', '1', '-o', '/home/dhilipsiva/projects/dhilipsiva/nibli/paper/results/evaluation/compiled/406f466145ba7605a16b580b77d2fe7b1bb6130e3043703d22fbe53edc75bf55/program', '/home/dhilipsiva/projects/dhilipsiva/nibli/paper/results/evaluation/inputs/comparison-chain-16-backward-s47-d10-m1-verdict/input.dl']",0.61,8.38,300,0,493928,2026-09-14T08:58:11.594027+00:00,ok,paper/results/evaluation/compiled/406f466145ba7605a16b580b77d2fe7b1bb6130e3043703d22fbe53edc75bf55/compile.stderr,paper/results/evaluation/compiled/406f466145ba7605a16b580b77d2fe7b1bb6130e3043703d22fbe53edc75bf55/compile.stdout,paper/results/evaluation/compiled/406f466145ba7605a16b580b77d2fe7b1bb6130e3043703d22fbe53edc75bf55/compile.time,9171.077625998805
4a874c59d45cd67f1957dc5684c1919626d67b577305cdb67a8aeaf42c68173c,95e278648aff86c5165eba29efedfc8332c296515153b776df1bf2dd77026806,"['souffle', '-j', '1', '-o', '/home/dhilipsiva/projects/dhilipsiva/nibli/paper/results/evaluation/compiled/4a874c59d45cd67f1957dc5684c1919626d67b577305cdb67a8aeaf42c68173c/program', '/home/dhilipsiva/projects/dhilipsiva/nibli/paper/results/evaluation/inputs/comparison-chain-4-backward-s23-d10-m1-verdict/input.dl']",0.62,8.21,300,0,493912,2026-09-14T08:54:08.360438+00:00,ok,paper/results/evaluation/compiled/4a874c59d45cd67f1957dc5684c1919626d67b577305cdb67a8aeaf42c68173c/compile.stderr,paper/results/evaluation/compiled/4a874c59d45cd67f1957dc5684c1919626d67b577305cdb67a8aeaf42c68173c/compile.stdout,paper/results/evaluation/compiled/4a874c59d45cd67f1957dc5684c1919626d67b577305cdb67a8aeaf42c68173c/compile.time,9014.503240001432
5cf125c752361ffd7a700ce7ba26e2f9f1e7ff8476b2c73a88ba8d6005d26844,ed600d4c884e11bf0408f5dd0b4620ac7dac831e8ba44c8e2a07479d680722c7,"['souffle', '-j', '1', '-o', '/home/dhilipsiva/projects/dhilipsiva/nibli/paper/results/evaluation/compiled/5cf125c752361ffd7a700ce7ba26e2f9f1e7ff8476b2c73a88ba8d6005d26844/program', '/home/dhilipsiva/projects/dhilipsiva/nibli/paper/results/evaluation/inputs/comparison-chain-4-forward-s83-d10-m1-verdict/input.dl']",0.6,8.37,300,0,493924,2026-09-14T08:54:36.913397+00:00,ok,paper/results/evaluation/compiled/5cf125c752361ffd7a700ce7ba26e2f9f1e7ff8476b2c73a88ba8d6005d26844/compile.stderr,paper/results/evaluation/compiled/5cf125c752361ffd7a700ce7ba26e2f9f1e7ff8476b2c73a88ba8d6005d26844/compile.stdout,paper/results/evaluation/compiled/5cf125c752361ffd7a700ce7ba26e2f9f1e7ff8476b2c73a88ba8d6005d26844/compile.time,9150.663348000307
718e8d0f8c80738a17fce3e5584e6923f567f09e94956a5fc5dc3a33dc51613b,00c68d7cab2949ceb4289e040df4d113ca6341f9b70723fb23c559215a7dcb79,"['souffle', '-j', '1', '-o', '/home/dhilipsiva/projects/dhilipsiva/nibli/paper/results/evaluation/compiled/718e8d0f8c80738a17fce3e5584e6923f567f09e94956a5fc5dc3a33dc51613b/program', '/home/dhilipsiva/projects/dhilipsiva/nibli/paper/results/evaluation/inputs/comparison-chain-16-backward-s83-d10-m1-verdict/input.dl']",0.65,8.57,300,0,493912,2026-09-14T08:56:10.136759+00:00,ok,paper/results/evaluation/compiled/718e8d0f8c80738a17fce3e5584e6923f567f09e94956a5fc5dc3a33dc51613b/compile.stderr,paper/results/evaluation/compiled/718e8d0f8c80738a17fce3e5584e6923f567f09e94956a5fc5dc3a33dc51613b/compile.stdout,paper/results/evaluation/compiled/718e8d0f8c80738a17fce3e5584e6923f567f09e94956a5fc5dc3a33dc51613b/compile.time,9429.563666999456
7a10acb09bb808bf11819f3100ef7181a5ac851afdf91a7f53a74a24baa71818,4bb9bdb4be06da0308c8ef19ae3939039b568a3f685bcc8c28dd4b62939f4dfa,"['souffle', '-j', '1', '-o', '/home/dhilipsiva/projects/dhilipsiva/nibli/paper/results/evaluation/compiled/7a10acb09bb808bf11819f3100ef7181a5ac851afdf91a7f53a74a24baa71818/program', '/home/dhilipsiva/projects/dhilipsiva/nibli/paper/results/evaluation/inputs/comparison-chain-4-forward-s131-d10-m1-verdict/input.dl']",0.59,8.53,300,0,493896,2026-09-14T08:58:20.772576+00:00,ok,paper/results/evaluation/compiled/7a10acb09bb808bf11819f3100ef7181a5ac851afdf91a7f53a74a24baa71818/compile.stderr,paper/results/evaluation/compiled/7a10acb09bb808bf11819f3100ef7181a5ac851afdf91a7f53a74a24baa71818/compile.stdout,paper/results/evaluation/compiled/7a10acb09bb808bf11819f3100ef7181a5ac851afdf91a7f53a74a24baa71818/compile.time,9287.54447099891
806dbd07852c80a60c22ddd6cbc3c7ce97146619ac1b94dea77377f0cce2e669,15c2194ee306255fa32c395147eb5bc01573cb4afdeddafda005186a766fa427,"['souffle', '-j', '1', '-o', '/home/dhilipsiva/projects/dhilipsiva/nibli/paper/results/evaluation/compiled/806dbd07852c80a60c22ddd6cbc3c7ce97146619ac1b94dea77377f0cce2e669/program', '/home/dhilipsiva/projects/dhilipsiva/nibli/paper/results/evaluation/inputs/comparison-chain-8-forward-s23-d10-m1-verdict/input.dl']",0.57,8.3,300,0,493924,2026-09-14T08:53:59.312966+00:00,ok,paper/results/evaluation/compiled/806dbd07852c80a60c22ddd6cbc3c7ce97146619ac1b94dea77377f0cce2e669/compile.stderr,paper/results/evaluation/compiled/806dbd07852c80a60c22ddd6cbc3c7ce97146619ac1b94dea77377f0cce2e669/compile.stdout,paper/results/evaluation/compiled/806dbd07852c80a60c22ddd6cbc3c7ce97146619ac1b94dea77377f0cce2e669/compile.time,9045.260917999258
808c121f4607d2ed35053e71f3d230b1e6b38047ccb2dd4b7368beb7dfb6b9d8,52eb3e6b06a485621ea81dc06337b200867a48d50aa2244fb6319bd3dcbaa028,"['souffle', '-j', '1', '-o', '/home/dhilipsiva/projects/dhilipsiva/nibli/paper/results/evaluation/compiled/808c121f4607d2ed35053e71f3d230b1e6b38047ccb2dd4b7368beb7dfb6b9d8/program', '/home/dhilipsiva/projects/dhilipsiva/nibli/paper/results/evaluation/inputs/comparison-chain-32-backward-s131-d10-m1-verdict/input.dl']",0.63,8.4,300,0,494080,2026-09-14T08:58:49.907540+00:00,ok,paper/results/evaluation/compiled/808c121f4607d2ed35053e71f3d230b1e6b38047ccb2dd4b7368beb7dfb6b9d8/compile.stderr,paper/results/evaluation/compiled/808c121f4607d2ed35053e71f3d230b1e6b38047ccb2dd4b7368beb7dfb6b9d8/compile.stdout,paper/results/evaluation/compiled/808c121f4607d2ed35053e71f3d230b1e6b38047ccb2dd4b7368beb7dfb6b9d8/compile.time,9229.64851299912
850ff9302b4924432114b951ed0fee2ace53589541f38ad79497e3c02b3f17bd,7f2263cfea1bdecfb5d7b08bcda9fc2457ea81a295d1e6353ada62dc8ac02432,"['souffle', '-j', '1', '-o', '/home/dhilipsiva/projects/dhilipsiva/nibli/paper/results/evaluation/compiled/850ff9302b4924432114b951ed0fee2ace53589541f38ad79497e3c02b3f17bd/program', '/home/dhilipsiva/projects/dhilipsiva/nibli/paper/results/evaluation/inputs/comparison-chain-4-backward-s11-d10-m1-verdict/input.dl']",0.6,8.67,300,0,493912,2026-09-14T08:56:29.316518+00:00,ok,paper/results/evaluation/compiled/850ff9302b4924432114b951ed0fee2ace53589541f38ad79497e3c02b3f17bd/compile.stderr,paper/results/evaluation/compiled/850ff9302b4924432114b951ed0fee2ace53589541f38ad79497e3c02b3f17bd/compile.stdout,paper/results/evaluation/compiled/850ff9302b4924432114b951ed0fee2ace53589541f38ad79497e3c02b3f17bd/compile.time,9467.331396999725
86299aa82c6b73151f56310fe966195ce4b2c10208de657dcf775500912ae4fb,807d64a86bd19b6c9e0597cbf306e1dd50160c103bd41e6bb58c49fa7693209d,"['souffle', '-j', '1', '-o', '/home/dhilipsiva/projects/dhilipsiva/nibli/paper/results/evaluation/compiled/86299aa82c6b73151f56310fe966195ce4b2c10208de657dcf775500912ae4fb/program', '/home/dhilipsiva/projects/dhilipsiva/nibli/paper/results/evaluation/inputs/comparison-chain-8-backward-s131-d10-m1-verdict/input.dl']",0.66,8.76,300,0,493644,2026-09-14T08:56:19.602208+00:00,ok,paper/results/evaluation/compiled/86299aa82c6b73151f56310fe966195ce4b2c10208de657dcf775500912ae4fb/compile.stderr,paper/results/evaluation/compiled/86299aa82c6b73151f56310fe966195ce4b2c10208de657dcf775500912ae4fb/compile.stdout,paper/results/evaluation/compiled/86299aa82c6b73151f56310fe966195ce4b2c10208de657dcf775500912ae4fb/compile.time,9712.080073000834
8df265993aff3c7e84d96a90646a4e514239e34c7a9ce9b6eb1902bfbb7102a7,7afeff7d4a9bf61aa01fa07cd431633b6801444bde16e37811a08ba6878e6d35,"['souffle', '-j', '1', '-o', '/home/dhilipsiva/projects/dhilipsiva/nibli/paper/results/evaluation/compiled/8df265993aff3c7e84d96a90646a4e514239e34c7a9ce9b6eb1902bfbb7102a7/program', '/home/dhilipsiva/projects/dhilipsiva/nibli/paper/results/evaluation/inputs/comparison-chain-32-backward-s23-d10-m1-verdict/input.dl']",0.62,8.5,300,0,493928,2026-09-14T08:59:45.961304+00:00,ok,paper/results/evaluation/compiled/8df265993aff3c7e84d96a90646a4e514239e34c7a9ce9b6eb1902bfbb7102a7/compile.stderr,paper/results/evaluation/compiled/8df265993aff3c7e84d96a90646a4e514239e34c7a9ce9b6eb1902bfbb7102a7/compile.stdout,paper/results/evaluation/compiled/8df265993aff3c7e84d96a90646a4e514239e34c7a9ce9b6eb1902bfbb7102a7/compile.time,9297.227107999788
994f74b65e33f5f94687e9a1a2867ee83da9a7a713e5df3f27f5821aeb8b2c89,a7878114451145cc4cb30a8214f3e98a47f4ac8ff7d8ec22cc0b304042765acf,"['souffle', '-j', '1', '-o', '/home/dhilipsiva/projects/dhilipsiva/nibli/paper/results/evaluation/compiled/994f74b65e33f5f94687e9a1a2867ee83da9a7a713e5df3f27f5821aeb8b2c89/program', '/home/dhilipsiva/projects/dhilipsiva/nibli/paper/results/evaluation/inputs/comparison-chain-16-backward-s11-d10-m1-verdict/input.dl']",0.65,8.46,300,0,493928,2026-09-14T08:56:48.192333+00:00,ok,paper/results/evaluation/compiled/994f74b65e33f5f94687e9a1a2867ee83da9a7a713e5df3f27f5821aeb8b2c89/compile.stderr,paper/results/evaluation/compiled/994f74b65e33f5f94687e9a1a2867ee83da9a7a713e5df3f27f5821aeb8b2c89/compile.stdout,paper/results/evaluation/compiled/994f74b65e33f5f94687e9a1a2867ee83da9a7a713e5df3f27f5821aeb8b2c89/compile.time,9315.363787998649
9b95a5d1f25c6b527cd1c9d3c62efb8341574e77cc2fb91d7efbcdaf6d3c9e62,57e15897326761093a31c162dbf89733c628386c86ad4d1c55e81695e33be6eb,"['souffle', '-j', '1', '-o', '/home/dhilipsiva/projects/dhilipsiva/nibli/paper/results/evaluation/compiled/9b95a5d1f25c6b527cd1c9d3c62efb8341574e77cc2fb91d7efbcdaf6d3c9e62/program', '/home/dhilipsiva/projects/dhilipsiva/nibli/paper/results/evaluation/inputs/comparison-chain-32-backward-s11-d10-m1-verdict/input.dl']",0.52,8.38,300,0,493928,2026-09-14T08:57:43.992945+00:00,ok,paper/results/evaluation/compiled/9b95a5d1f25c6b527cd1c9d3c62efb8341574e77cc2fb91d7efbcdaf6d3c9e62/compile.stderr,paper/results/evaluation/compiled/9b95a5d1f25c6b527cd1c9d3c62efb8341574e77cc2fb91d7efbcdaf6d3c9e62/compile.stdout,paper/results/evaluation/compiled/9b95a5d1f25c6b527cd1c9d3c62efb8341574e77cc2fb91d7efbcdaf6d3c9e62/compile.time,9074.983133999922
9d7457c610ba886d4bfa0dfaaee89f6f1fd9ff1bd4780f4fa6136559493b358b,1471eab67bd411c339572b11bcbc140a0021bdf31fe507965f3b1c0c7a9d15cd,"['souffle', '-j', '1', '-o', '/home/dhilipsiva/projects/dhilipsiva/nibli/paper/results/evaluation/compiled/9d7457c610ba886d4bfa0dfaaee89f6f1fd9ff1bd4780f4fa6136559493b358b/program', '/home/dhilipsiva/projects/dhilipsiva/nibli/paper/results/evaluation/inputs/comparison-chain-12-forward-s131-d10-m1-verdict/input.dl']",0.58,8.28,300,0,493940,2026-09-14T08:57:15.876571+00:00,ok,paper/results/evaluation/compiled/9d7457c610ba886d4bfa0dfaaee89f6f1fd9ff1bd4780f4fa6136559493b358b/compile.stderr,paper/results/evaluation/compiled/9d7457c610ba886d4bfa0dfaaee89f6f1fd9ff1bd4780f4fa6136559493b358b/compile.stdout,paper/results/evaluation/compiled/9d7457c610ba886d4bfa0dfaaee89f6f1fd9ff1bd4780f4fa6136559493b358b/compile.time,9062.340537000637
a06d06d5ef7673b35734d38a81f9e71615bcbf52c1e8549f88e8e7a7bf6b9e16,bbef6743b690bdbda452ffb7cedff5962c3bca16f6d63b4d982eebd9f895aae8,"['souffle', '-j', '1', '-o', '/home/dhilipsiva/projects/dhilipsiva/nibli/paper/results/evaluation/compiled/a06d06d5ef7673b35734d38a81f9e71615bcbf52c1e8549f88e8e7a7bf6b9e16/program', '/home/dhilipsiva/projects/dhilipsiva/nibli/paper/results/evaluation/inputs/comparison-chain-16-forward-s83-d10-m1-verdict/input.dl']",0.62,8.6,300,0,493940,2026-09-14T08:55:31.445271+00:00,ok,paper/results/evaluation/compiled/a06d06d5ef7673b35734d38a81f9e71615bcbf52c1e8549f88e8e7a7bf6b9e16/compile.stderr,paper/results/evaluation/compiled/a06d06d5ef7673b35734d38a81f9e71615bcbf52c1e8549f88e8e7a7bf6b9e16/compile.stdout,paper/results/evaluation/compiled/a06d06d5ef7673b35734d38a81f9e71615bcbf52c1e8549f88e8e7a7bf6b9e16/compile.time,9428.924620999169
a08c208ee0fd3d949a191629fb134e8963302a92c3606fde1da1f8c92436d71d,194c510560f5b763b582ba67a74890e241535b3638b1d129091bdc90e663b735,"['souffle', '-j', '1', '-o', '/home/dhilipsiva/projects/dhilipsiva/nibli/paper/results/evaluation/compiled/a08c208ee0fd3d949a191629fb134e8963302a92c3606fde1da1f8c92436d71d/program', '/home/dhilipsiva/projects/dhilipsiva/nibli/paper/results/evaluation/inputs/comparison-chain-8-backward-s47-d10-m1-verdict/input.dl']",0.7,8.22,300,0,493916,2026-09-14T08:58:59.634795+00:00,ok,paper/results/evaluation/compiled/a08c208ee0fd3d949a191629fb134e8963302a92c3606fde1da1f8c92436d71d/compile.stderr,paper/results/evaluation/compiled/a08c208ee0fd3d949a191629fb134e8963302a92c3606fde1da1f8c92436d71d/compile.stdout,paper/results/evaluation/compiled/a08c208ee0fd3d949a191629fb134e8963302a92c3606fde1da1f8c92436d71d/compile.time,9115.764387999661
aa92d41f78ad283765d09f93d23c23732e1faef803ff7474bff4d343bf419df1,c224d4679c64fb6be14f3becabd6411afe2f0f3b7b6c78fc65b93e427a77c7e8,"['souffle', '-j', '1', '-o', '/home/dhilipsiva/projects/dhilipsiva/nibli/paper/results/evaluation/compiled/aa92d41f78ad283765d09f93d23c23732e1faef803ff7474bff4d343bf419df1/program', '/home/dhilipsiva/projects/dhilipsiva/nibli/paper/results/evaluation/inputs/comparison-chain-8-forward-s83-d10-m1-verdict/input.dl']",0.6,8.37,300,0,493908,2026-09-14T08:57:06.747756+00:00,ok,paper/results/evaluation/compiled/aa92d41f78ad283765d09f93d23c23732e1faef803ff7474bff4d343bf419df1/compile.stderr,paper/results/evaluation/compiled/aa92d41f78ad283765d09f93d23c23732e1faef803ff7474bff4d343bf419df1/compile.stdout,paper/results/evaluation/compiled/aa92d41f78ad283765d09f93d23c23732e1faef803ff7474bff4d343bf419df1/compile.time,9126.280582000618
b306464bf279d57b62df51063ef43bec70f124636645a315f089020a334c453a,f6e4536a32d73ef5bcc0870a82f98cc54ccf2bff0ab35f40eca07659d989f4f6,"['souffle', '-j', '1', '-o', '/home/dhilipsiva/projects/dhilipsiva/nibli/paper/results/evaluation/compiled/b306464bf279d57b62df51063ef43bec70f124636645a315f089020a334c453a/program', '/home/dhilipsiva/projects/dhilipsiva/nibli/paper/results/evaluation/inputs/comparison-chain-8-forward-s11-d10-m1-verdict/input.dl']",0.56,8.88,300,0,493924,2026-09-14T08:55:51.284133+00:00,ok,paper/results/evaluation/compiled/b306464bf279d57b62df51063ef43bec70f124636645a315f089020a334c453a/compile.stderr,paper/results/evaluation/compiled/b306464bf279d57b62df51063ef43bec70f124636645a315f089020a334c453a/compile.stdout,paper/results/evaluation/compiled/b306464bf279d57b62df51063ef43bec70f124636645a315f089020a334c453a/compile.time,9616.00694200024
b37d2a51327f5a0db4d3ff8908f08d2c574894b75407bd0c7896cd15da2073e7,04d5d9e090ec4e30a5e25c08733dfe8deedc54497df3061fff763d76e332294d,"['souffle', '-j', '1', '-o', '/home/dhilipsiva/projects/dhilipsiva/nibli/paper/results/evaluation/compiled/b37d2a51327f5a0db4d3ff8908f08d2c574894b75407bd0c7896cd15da2073e7/program', '/home/dhilipsiva/projects/dhilipsiva/nibli/paper/results/evaluation/inputs/comparison-chain-32-forward-s23-d10-m1-verdict/input.dl']",0.67,9.52,300,0,493956,2026-09-14T08:55:40.880311+00:00,ok,paper/results/evaluation/compiled/b37d2a51327f5a0db4d3ff8908f08d2c574894b75407bd0c7896cd15da2073e7/compile.stderr,paper/results/evaluation/compiled/b37d2a51327f5a0db4d3ff8908f08d2c574894b75407bd0c7896cd15da2073e7/compile.stdout,paper/results/evaluation/compiled/b37d2a51327f5a0db4d3ff8908f08d2c574894b75407bd0c7896cd15da2073e7/compile.time,10399.03515900005
b47605ed93d22a7a87a28b3d6689e58d4371186a06497d0ff4cb88c1a5f7df79,0b1dd1edfeba58dbfc2cb318f549d2a55196cf842af251eee67970c0bf84c7f3,"['souffle', '-j', '1', '-o', '/home/dhilipsiva/projects/dhilipsiva/nibli/paper/results/evaluation/compiled/b47605ed93d22a7a87a28b3d6689e58d4371186a06497d0ff4cb88c1a5f7df79/program', '/home/dhilipsiva/projects/dhilipsiva/nibli/paper/results/evaluation/inputs/comparison-chain-32-backward-s83-d10-m1-verdict/input.dl']",0.73,8.34,300,0,493928,2026-09-14T08:57:24.985129+00:00,ok,paper/results/evaluation/compiled/b47605ed93d22a7a87a28b3d6689e58d4371186a06497d0ff4cb88c1a5f7df79/compile.stderr,paper/results/evaluation/compiled/b47605ed93d22a7a87a28b3d6689e58d4371186a06497d0ff4cb88c1a5f7df79/compile.stdout,paper/results/evaluation/compiled/b47605ed93d22a7a87a28b3d6689e58d4371186a06497d0ff4cb88c1a5f7df79/compile.time,9616.8133329993
b747468453bca34111e1c0c0dffaf62fb02fa2a20ec0acdac9166510f93aaaf5,c37add46f41a435fd845c87e6364644cf00565b9b47514474b414c252e984ba6,"['souffle', '-j', '1', '-o', '/home/dhilipsiva/projects/dhilipsiva/nibli/paper/results/evaluation/compiled/b747468453bca34111e1c0c0dffaf62fb02fa2a20ec0acdac9166510f93aaaf5/program', '/home/dhilipsiva/projects/dhilipsiva/nibli/paper/results/evaluation/inputs/comparison-chain-8-forward-s131-d10-m1-verdict/input.dl']",0.6,8.47,300,0,493896,2026-09-14T08:59:27.307160+00:00,ok,paper/results/evaluation/compiled/b747468453bca34111e1c0c0dffaf62fb02fa2a20ec0acdac9166510f93aaaf5/compile.stderr,paper/results/evaluation/compiled/b747468453bca34111e1c0c0dffaf62fb02fa2a20ec0acdac9166510f93aaaf5/compile.stdout,paper/results/evaluation/compiled/b747468453bca34111e1c0c0dffaf62fb02fa2a20ec0acdac9166510f93aaaf5/compile.time,9242.04567400011
c1a794c2e3d9ba387fb4e7a56e091876d3b4f68ce923c2a32f55b0f61e0d4084,cf275a55f2037a05b84693ea47ec7b618a22da9807bfd6b5bbb9f573140b87f6,"['souffle', '-j', '1', '-o', '/home/dhilipsiva/projects/dhilipsiva/nibli/paper/results/evaluation/compiled/c1a794c2e3d9ba387fb4e7a56e091876d3b4f68ce923c2a32f55b0f61e0d4084/program', '/home/dhilipsiva/projects/dhilipsiva/nibli/paper/results/evaluation/inputs/comparison-chain-12-backward-s83-d10-m1-verdict/input.dl']",0.54,8.51,300,0,493844,2026-09-14T08:58:02.176078+00:00,ok,paper/results/evaluation/compiled/c1a794c2e3d9ba387fb4e7a56e091876d3b4f68ce923c2a32f55b0f61e0d4084/compile.stderr,paper/results/evaluation/compiled/c1a794c2e3d9ba387fb4e7a56e091876d3b4f68ce923c2a32f55b0f61e0d4084/compile.stdout,paper/results/evaluation/compiled/c1a794c2e3d9ba387fb4e7a56e091876d3b4f68ce923c2a32f55b0f61e0d4084/compile.time,9224.198036999951
c4a0e86e8804c141e9b6b6da66d71c160b28fc61e14f7e19125c29be0fb13fc7,99ddf7239a1682117bcdf716206557c98e4002e42d53dcda97f74fb8886e253b,"['souffle', '-j', '1', '-o', '/home/dhilipsiva/projects/dhilipsiva/nibli/paper/results/evaluation/compiled/c4a0e86e8804c141e9b6b6da66d71c160b28fc61e14f7e19125c29be0fb13fc7/program', '/home/dhilipsiva/projects/dhilipsiva/nibli/paper/results/evaluation/inputs/comparison-chain-4-backward-s83-d10-m1-verdict/input.dl']",0.63,8.5,300,0,493912,2026-09-14T09:00:05.041900+00:00,ok,paper/results/evaluation/compiled/c4a0e86e8804c141e9b6b6da66d71c160b28fc61e14f7e19125c29be0fb13fc7/compile.stderr,paper/results/evaluation/compiled/c4a0e86e8804c141e9b6b6da66d71c160b28fc61e14f7e19125c29be0fb13fc7/compile.stdout,paper/results/evaluation/compiled/c4a0e86e8804c141e9b6b6da66d71c160b28fc61e14f7e19125c29be0fb13fc7/compile.time,9282.692192000468
cb1574a9478ff97297442b26fa7fa74539d0a2e95c837c1e73e6a822632628e2,3b4f16f23ea6c992d452d6faf04fdf45bf3f7aac95b3183238a83a9a1acd7c53,"['souffle', '-j', '1', '-o', '/home/dhilipsiva/projects/dhilipsiva/nibli/paper/results/evaluation/compiled/cb1574a9478ff97297442b26fa7fa74539d0a2e95c837c1e73e6a822632628e2/program', '/home/dhilipsiva/projects/dhilipsiva/nibli/paper/results/evaluation/inputs/comparison-chain-4-backward-s47-d10-m1-verdict/input.dl']",0.66,8.54,300,0,493896,2026-09-14T08:58:30.251896+00:00,ok,paper/results/evaluation/compiled/cb1574a9478ff97297442b26fa7fa74539d0a2e95c837c1e73e6a822632628e2/compile.stderr,paper/results/evaluation/compiled/cb1574a9478ff97297442b26fa7fa74539d0a2e95c837c1e73e6a822632628e2/compile.stdout,paper/results/evaluation/compiled/cb1574a9478ff97297442b26fa7fa74539d0a2e95c837c1e73e6a822632628e2/compile.time,9388.52173000123
cd06885c4c81310e09bb33b7a009bfd84fd88741ae0e2c4a6d3021cc90a8a2ab,363731d4a6beea38ff12c5ca03d90c0df59b88b12295370004d80f6647bf2cf2,"['souffle', '-j', '1', '-o', '/home/dhilipsiva/projects/dhilipsiva/nibli/paper/results/evaluation/compiled/cd06885c4c81310e09bb33b7a009bfd84fd88741ae0e2c4a6d3021cc90a8a2ab/program', '/home/dhilipsiva/projects/dhilipsiva/nibli/paper/results/evaluation/inputs/comparison-chain-16-backward-s23-d10-m1-verdict/input.dl']",0.58,8.4,300,0,493928,2026-09-14T08:57:34.805325+00:00,ok,paper/results/evaluation/compiled/cd06885c4c81310e09bb33b7a009bfd84fd88741ae0e2c4a6d3021cc90a8a2ab/compile.stderr,paper/results/evaluation/compiled/cd06885c4c81310e09bb33b7a009bfd84fd88741ae0e2c4a6d3021cc90a8a2ab/compile.stdout,paper/results/evaluation/compiled/cd06885c4c81310e09bb33b7a009bfd84fd88741ae0e2c4a6d3021cc90a8a2ab/compile.time,9182.311925998874
d17f4226c9505ead133a977e6ec5c02e013f572ea17b9100e8031384c09547f9,457794af1deda349ad25da318e7b96ab9b00c16409a7706a6b448ea9b00db023,"['souffle', '-j', '1', '-o', '/home/dhilipsiva/projects/dhilipsiva/nibli/paper/results/evaluation/compiled/d17f4226c9505ead133a977e6ec5c02e013f572ea17b9100e8031384c09547f9/program', '/home/dhilipsiva/projects/dhilipsiva/nibli/paper/results/evaluation/inputs/comparison-policy-1000-both-s11-d10-m1-verdict/input.dl']",0.61,9.65,300,0,574684,2026-09-14T08:54:17.394229+00:00,ok,paper/results/evaluation/compiled/d17f4226c9505ead133a977e6ec5c02e013f572ea17b9100e8031384c09547f9/compile.stderr,paper/results/evaluation/compiled/d17f4226c9505ead133a977e6ec5c02e013f572ea17b9100e8031384c09547f9/compile.stdout,paper/results/evaluation/compiled/d17f4226c9505ead133a977e6ec5c02e013f572ea17b9100e8031384c09547f9/compile.time,10488.233316000333
d1f69753e91d911333254830c1c1d0740bf1c2299cfec6909de63fc7752ebc80,9063ed14e99448e6c093a5ba4b58ea100088c370b67313ebec02f29dfda21985,"['souffle', '-j', '1', '-o', '/home/dhilipsiva/projects/dhilipsiva/nibli/paper/results/evaluation/compiled/d1f69753e91d911333254830c1c1d0740bf1c2299cfec6909de63fc7752ebc80/program', '/home/dhilipsiva/projects/dhilipsiva/nibli/paper/results/evaluation/inputs/comparison-chain-12-forward-s23-d10-m1-verdict/input.dl']",0.6,8.4,300,0,493932,2026-09-14T08:56:00.928550+00:00,ok,paper/results/evaluation/compiled/d1f69753e91d911333254830c1c1d0740bf1c2299cfec6909de63fc7752ebc80/compile.stderr,paper/results/evaluation/compiled/d1f69753e91d911333254830c1c1d0740bf1c2299cfec6909de63fc7752ebc80/compile.stdout,paper/results/evaluation/compiled/d1f69753e91d911333254830c1c1d0740bf1c2299cfec6909de63fc7752ebc80/compile.time,9205.177022999123
d55118a6a75aa8a6028943959a768a55ee0b452975633e94485e733131b64613,9f81886b0083b0d771d1b50528e42854312eb4e7ca115e50a0f1073c5fc3ade1,"['souffle', '-j', '1', '-o', '/home/dhilipsiva/projects/dhilipsiva/nibli/paper/results/evaluation/compiled/d55118a6a75aa8a6028943959a768a55ee0b452975633e94485e733131b64613/program', '/home/dhilipsiva/projects/dhilipsiva/nibli/paper/results/evaluation/inputs/comparison-chain-8-forward-s47-d10-m1-verdict/input.dl']",0.55,8.37,300,0,493924,2026-09-14T08:53:50.100067+00:00,ok,paper/results/evaluation/compiled/d55118a6a75aa8a6028943959a768a55ee0b452975633e94485e733131b64613/compile.stderr,paper/results/evaluation/compiled/d55118a6a75aa8a6028943959a768a55ee0b452975633e94485e733131b64613/compile.stdout,paper/results/evaluation/compiled/d55118a6a75aa8a6028943959a768a55ee0b452975633e94485e733131b64613/compile.time,9112.500344999717
d5ff7bc1679cd1c2ea91a9ad8d937a32a90c564e0ed84dadd885071c1571ac8d,947d3c9f448018037d0ee5ff23882e9d5e3e5f2b1d03fbeb22d7a301888104fd,"['souffle', '-j', '1', '-o', '/home/dhilipsiva/projects/dhilipsiva/nibli/paper/results/evaluation/compiled/d5ff7bc1679cd1c2ea91a9ad8d937a32a90c564e0ed84dadd885071c1571ac8d/program', '/home/dhilipsiva/projects/dhilipsiva/nibli/paper/results/evaluation/inputs/comparison-chain-16-forward-s47-d10-m1-verdict/input.dl']",0.61,8.62,300,0,493932,2026-09-14T08:56:38.786426+00:00,ok,paper/results/evaluation/compiled/d5ff7bc1679cd1c2ea91a9ad8d937a32a90c564e0ed84dadd885071c1571ac8d/compile.stderr,paper/results/evaluation/compiled/d5ff7bc1679cd1c2ea91a9ad8d937a32a90c564e0ed84dadd885071c1571ac8d/compile.stdout,paper/results/evaluation/compiled/d5ff7bc1679cd1c2ea91a9ad8d937a32a90c564e0ed84dadd885071c1571ac8d/compile.time,9403.291939001065
dd3d711c739a80266ce65e6a4451f5b0a19270cc38d9e19a4554d09208df50a6,263fdd85db862a678c247d58e0aa2fc182acf35c4f35478ca0e379a8eec548ed,"['souffle', '-j', '1', '-o', '/home/dhilipsiva/projects/dhilipsiva/nibli/paper/results/evaluation/compiled/dd3d711c739a80266ce65e6a4451f5b0a19270cc38d9e19a4554d09208df50a6/program', '/home/dhilipsiva/projects/dhilipsiva/nibli/paper/results/evaluation/inputs/comparison-chain-8-backward-s11-d10-m1-verdict/input.dl']",0.58,8.24,300,0,493912,2026-09-14T08:54:27.897748+00:00,ok,paper/results/evaluation/compiled/dd3d711c739a80266ce65e6a4451f5b0a19270cc38d9e19a4554d09208df50a6/compile.stderr,paper/results/evaluation/compiled/dd3d711c739a80266ce65e6a4451f5b0a19270cc38d9e19a4554d09208df50a6/compile.stdout,paper/results/evaluation/compiled/dd3d711c739a80266ce65e6a4451f5b0a19270cc38d9e19a4554d09208df50a6/compile.time,8999.713629000325
e2dd25974325f8d477e400caa6313fddd46ec55331336e36b28e7ef59448abff,28f2aede0315b58a4829fcca67b910b0ecac2904485fcdc20cc61545a753cc43,"['souffle', '-j', '1', '-o', '/home/dhilipsiva/projects/dhilipsiva/nibli/paper/results/evaluation/compiled/e2dd25974325f8d477e400caa6313fddd46ec55331336e36b28e7ef59448abff/program', '/home/dhilipsiva/projects/dhilipsiva/nibli/paper/results/evaluation/inputs/comparison-chain-12-backward-s23-d10-m1-verdict/input.dl']",0.58,8.06,300,0,493924,2026-09-14T08:55:04.585974+00:00,ok,paper/results/evaluation/compiled/e2dd25974325f8d477e400caa6313fddd46ec55331336e36b28e7ef59448abff/compile.stderr,paper/results/evaluation/compiled/e2dd25974325f8d477e400caa6313fddd46ec55331336e36b28e7ef59448abff/compile.stdout,paper/results/evaluation/compiled/e2dd25974325f8d477e400caa6313fddd46ec55331336e36b28e7ef59448abff/compile.time,8853.06198499893
e78fbab0d1589adcd89cd70aae09c3c201ec989536580c4ed9b5525d10be4296,b4e59961105796bddc3358031a2215de935e92dc82777908befef4abcdc9d4c2,"['souffle', '-j', '1', '-o', '/home/dhilipsiva/projects/dhilipsiva/nibli/paper/results/evaluation/compiled/e78fbab0d1589adcd89cd70aae09c3c201ec989536580c4ed9b5525d10be4296/program', '/home/dhilipsiva/projects/dhilipsiva/nibli/paper/results/evaluation/inputs/comparison-chain-16-forward-s11-d10-m1-verdict/input.dl']",0.69,8.48,300,0,493932,2026-09-14T08:59:36.553896+00:00,ok,paper/results/evaluation/compiled/e78fbab0d1589adcd89cd70aae09c3c201ec989536580c4ed9b5525d10be4296/compile.stderr,paper/results/evaluation/compiled/e78fbab0d1589adcd89cd70aae09c3c201ec989536580c4ed9b5525d10be4296/compile.stdout,paper/results/evaluation/compiled/e78fbab0d1589adcd89cd70aae09c3c201ec989536580c4ed9b5525d10be4296/compile.time,9387.685755000348
eb8404c09fee61d1a8e160fe501bb42b1920a73d93361c41b04189bb34aad2f3,67e14da5f36ed3c0ec97417d94e8785ae33de16204d81dbeb58ddf0c5c0db580,"['souffle', '-j', '1', '-o', '/home/dhilipsiva/projects/dhilipsiva/nibli/paper/results/evaluation/compiled/eb8404c09fee61d1a8e160fe501bb42b1920a73d93361c41b04189bb34aad2f3/program', '/home/dhilipsiva/projects/dhilipsiva/nibli/paper/results/evaluation/inputs/comparison-chain-12-backward-s131-d10-m1-verdict/input.dl']",0.52,8.36,300,0,493956,2026-09-14T09:01:00.696137+00:00,ok,paper/results/evaluation/compiled/eb8404c09fee61d1a8e160fe501bb42b1920a73d93361c41b04189bb34aad2f3/compile.stderr,paper/results/evaluation/compiled/eb8404c09fee61d1a8e160fe501bb42b1920a73d93361c41b04189bb34aad2f3/compile.stdout,paper/results/evaluation/compiled/eb8404c09fee61d1a8e160fe501bb42b1920a73d93361c41b04189bb34aad2f3/compile.time,9043.20435199952
ec93a2eaf3331faf131d8357ea4f5830b9b9dbf9cc87e7f9e09105cef4d0174c,4f08517b0647fe84ed97671d819861fedba41770f1d16dcad4e99b337948b0ac,"['souffle', '-j', '1', '-o', '/home/dhilipsiva/projects/dhilipsiva/nibli/paper/results/evaluation/compiled/ec93a2eaf3331faf131d8357ea4f5830b9b9dbf9cc87e7f9e09105cef4d0174c/program', '/home/dhilipsiva/projects/dhilipsiva/nibli/paper/results/evaluation/inputs/comparison-chain-8-backward-s23-d10-m1-verdict/input.dl']",0.56,8.16,300,0,493912,2026-09-14T08:59:18.412118+00:00,ok,paper/results/evaluation/compiled/ec93a2eaf3331faf131d8357ea4f5830b9b9dbf9cc87e7f9e09105cef4d0174c/compile.stderr,paper/results/evaluation/compiled/ec93a2eaf3331faf131d8357ea4f5830b9b9dbf9cc87e7f9e09105cef4d0174c/compile.stdout,paper/results/evaluation/compiled/ec93a2eaf3331faf131d8357ea4f5830b9b9dbf9cc87e7f9e09105cef4d0174c/compile.time,8891.83661700008
fb88b87e66b802d1e1edba1b7be2757441e3e9e0328ca5c7d97e30dc2b275744,1aabd39e6421cd319e9ddb5bbfc16c35e709ee2c1341c535f8e72d90628ebb8d,"['souffle', '-j', '1', '-o', '/home/dhilipsiva/projects/dhilipsiva/nibli/paper/results/evaluation/compiled/fb88b87e66b802d1e1edba1b7be2757441e3e9e0328ca5c7d97e30dc2b275744/program', '/home/dhilipsiva/projects/dhilipsiva/nibli/paper/results/evaluation/inputs/comparison-chain-16-forward-s131-d10-m1-verdict/input.dl']",0.6,8.27,300,0,493912,2026-09-14T09:00:33.514772+00:00,ok,paper/results/evaluation/compiled/fb88b87e66b802d1e1edba1b7be2757441e3e9e0328ca5c7d97e30dc2b275744/compile.stderr,paper/results/evaluation/compiled/fb88b87e66b802d1e1edba1b7be2757441e3e9e0328ca5c7d97e30dc2b275744/compile.stdout,paper/results/evaluation/compiled/fb88b87e66b802d1e1edba1b7be2757441e3e9e0328ca5c7d97e30dc2b275744/compile.time,9011.434992000432
fb92b96b1f824b2b700f0fcbd74496652ea7060daa233bb0e8690d0cefe6d721,03a2232a4810eacbd8a81782b0d42f01087ee7650888b7f002b42cc8c8b25b9f,"['souffle', '-j', '1', '-o', '/home/dhilipsiva/projects/dhilipsiva/nibli/paper/results/evaluation/compiled/fb92b96b1f824b2b700f0fcbd74496652ea7060daa233bb0e8690d0cefe6d721/program', '/home/dhilipsiva/projects/dhilipsiva/nibli/paper/results/evaluation/inputs/comparison-chain-12-forward-s83-d10-m1-verdict/input.dl']",0.6,8.22,300,0,493912,2026-09-14T08:54:46.066743+00:00,ok,paper/results/evaluation/compiled/fb92b96b1f824b2b700f0fcbd74496652ea7060daa233bb0e8690d0cefe6d721/compile.stderr,paper/results/evaluation/compiled/fb92b96b1f824b2b700f0fcbd74496652ea7060daa233bb0e8690d0cefe6d721/compile.stdout,paper/results/evaluation/compiled/fb92b96b1f824b2b700f0fcbd74496652ea7060daa233bb0e8690d0cefe6d721/compile.time,9006.458453999585
