group,family,size,direction,depth,materialization,mode,implementation,samples,completed,timeouts,failures,planned_answers,definitive_answers,unknown_answers,resource_answers,facts_min,facts_max,definitive_coverage,wall_ms_q25,wall_ms_median,wall_ms_q75,peak_rss_kib_q25,peak_rss_kib_median,peak_rss_kib_q75,load_ms_q25,load_ms_median,load_ms_q75,query_ms_q25,query_ms_median,query_ms_q75,certificate_ms_q25,certificate_ms_median,certificate_ms_q75,withdrawal_ms_q25,withdrawal_ms_median,withdrawal_ms_q75,reassertion_ms_q25,reassertion_ms_median,reassertion_ms_q75,reopen_ms_q25,reopen_ms_median,reopen_ms_q75,bytes_q25,bytes_median,bytes_q75,steps_q25,steps_median,steps_q75,validation_ms_q25,validation_ms_median,validation_ms_q75,serialization_ms_q25,serialization_ms_median,serialization_ms_q75
bounds,chain,8,backward,2,False,verdict,nibli,15,15,0,0,15,15,0,0,8,8,1.0,33.7536884999281,34.56562199789914,36.289337500420515,4900.0,4900.0,4900.0,0.4813635,0.490131,0.5204815,29.2765525,30.254331999999998,32.245906000000005,,,,,,,,,,,,,,,,,,,,,,,,
bounds,chain,8,backward,2,True,verdict,nibli,15,15,0,0,15,15,0,0,8,8,1.0,34.27584249948268,34.96221199930005,35.21991550042003,4900.0,4900.0,4900.0,0.48857649999999997,0.5080720000000001,0.5302525,30.0494895,30.7588,31.236123,,,,,,,,,,,,,,,,,,,,,,,,
bounds,chain,8,backward,5,False,verdict,nibli,15,15,0,0,15,15,0,0,8,8,1.0,33.75645450068987,35.46343099878868,39.46936250122235,4900.0,4900.0,4900.0,0.481893,0.520817,0.5915845000000001,29.47981,31.100326000000003,33.662207,,,,,,,,,,,,,,,,,,,,,,,,
bounds,chain,8,backward,5,True,verdict,nibli,15,15,0,0,15,15,0,0,8,8,1.0,34.019254998383985,34.47111000059522,35.02707300049224,4900.0,4900.0,4900.0,0.482062,0.491352,0.500492,29.4176775,30.023187999999998,30.597713,,,,,,,,,,,,,,,,,,,,,,,,
bounds,chain,8,backward,10,False,verdict,nibli,15,15,0,0,15,15,0,0,8,8,1.0,34.58833999866329,36.118423000516486,37.41775400158076,4900.0,4900.0,4900.0,0.49836749999999996,0.531453,0.5795840000000001,30.447945,31.582152,32.4484795,,,,,,,,,,,,,,,,,,,,,,,,
bounds,chain,8,backward,10,True,verdict,nibli,15,15,0,0,15,15,0,0,8,8,1.0,33.03417000097397,34.84231000038562,39.96716500114417,4900.0,4900.0,4900.0,0.5199965,0.556763,0.5971299999999999,28.72363,30.675338,35.150195499999995,,,,,,,,,,,,,,,,,,,,,,,,
bounds,chain,8,backward,20,False,verdict,nibli,15,15,0,0,15,15,0,0,8,8,1.0,33.37957149960857,35.281747001135955,36.39378849948116,4900.0,4900.0,4900.0,0.493939,0.5185120000000001,0.570794,29.2176185,30.906177,32.29173350000001,,,,,,,,,,,,,,,,,,,,,,,,
bounds,chain,8,backward,20,True,verdict,nibli,15,15,0,0,15,15,0,0,8,8,1.0,33.72602649869805,36.48739300115267,38.47907500130532,4900.0,4900.0,4900.0,0.514563,0.538513,0.5703035,28.851458,32.034926999999996,33.690139,,,,,,,,,,,,,,,,,,,,,,,,
bounds,chain,8,forward,2,False,verdict,nibli,15,15,0,0,15,0,0,15,8,8,0.0,629.7577179993823,648.7928850001481,660.4150404982647,6308.0,6308.0,6820.0,0.5405705000000001,0.555768,0.573848,624.277519,642.727559,654.8047515000001,,,,,,,,,,,,,,,,,,,,,,,,
bounds,chain,8,forward,2,True,verdict,nibli,15,15,0,0,15,15,0,0,8,8,1.0,627.7488259984239,643.5740819979401,676.0965249995934,6308.0,6308.0,6820.0,0.5408660000000001,0.545343,0.6019545,622.6634075000001,638.271754,670.6397695,,,,,,,,,,,,,,,,,,,,,,,,
bounds,chain,8,forward,5,False,verdict,nibli,15,15,0,0,15,12,3,0,8,8,0.8,2988.8571579995187,3775.140277999526,5088.952989999598,6820.0,6820.0,6948.0,0.539478,0.5667139999999999,0.6022639999999999,2982.672799,3764.921182,5080.092575000001,,,,,,,,,,,,,,,,,,,,,,,,
bounds,chain,8,forward,5,True,verdict,nibli,15,15,0,0,15,15,0,0,8,8,1.0,2967.5321465001616,3741.5752220003924,4855.110613001671,6820.0,6820.0,6948.0,0.537681,0.541783,0.5483285,2961.157843,3735.329725,4848.9988135,,,,,,,,,,,,,,,,,,,,,,,,
bounds,chain,8,forward,10,False,verdict,nibli,15,15,0,0,15,12,3,0,8,8,0.8,2986.7601770001784,3536.429446998227,5074.582019002264,6820.0,6948.0,6948.0,0.5377695,0.552013,0.579619,2967.9693435,3529.302559,5065.7237565000005,,,,,,,,,,,,,,,,,,,,,,,,
bounds,chain,8,forward,10,True,verdict,nibli,15,15,0,0,15,15,0,0,8,8,1.0,2887.3771774997294,3627.8222569999343,5381.57799200053,6820.0,6948.0,6948.0,0.5424640000000001,0.566804,0.5948929999999999,2881.0620275,3621.1038320000002,5191.3023605,,,,,,,,,,,,,,,,,,,,,,,,
bounds,chain,8,forward,20,False,verdict,nibli,15,15,0,0,15,12,3,0,8,8,0.8,3301.7397785006324,3553.3438569982536,4837.781596501372,6820.0,6820.0,6948.0,0.5399395,0.5894469999999999,0.6250015,3292.627293,3547.011223,4831.194084500001,,,,,,,,,,,,,,,,,,,,,,,,
bounds,chain,8,forward,20,True,verdict,nibli,15,15,0,0,15,15,0,0,8,8,1.0,2976.1317679995045,3491.607305000798,4969.302015000721,6820.0,6820.0,6948.0,0.535209,0.549053,0.5792089999999999,2969.199948,3486.275243,4963.0211615,,,,,,,,,,,,,,,,,,,,,,,,
bounds,policy,100,both,2,False,verdict,nibli,15,15,0,0,30,30,0,0,93,100,1.0,3505.371189499783,3585.9054649990867,3670.655101000193,118798.0,120472.0,120962.0,42.079398999999995,43.477957999999994,44.584906000000004,3407.8453485,3482.420387,3568.805829,,,,,,,,,,,,,,,,,,,,,,,,
bounds,policy,100,both,2,True,verdict,nibli,15,15,0,0,30,30,0,0,93,100,1.0,44.34635950019583,46.54743300125119,49.50970400022925,6436.0,6436.0,6564.0,40.33307550000001,42.297993999999996,45.173931499999995,0.327538,0.336527,0.3581734999999999,,,,,,,,,,,,,,,,,,,,,,,,
bounds,policy,100,both,5,False,verdict,nibli,15,15,0,0,30,30,0,0,93,100,1.0,3461.0923625004943,3596.314505000919,3761.773196500144,118744.0,120324.0,121782.0,41.689363,43.713166,45.453158,3365.2325925,3499.3776580000003,3607.718113,,,,,,,,,,,,,,,,,,,,,,,,
bounds,policy,100,both,5,True,verdict,nibli,15,15,0,0,30,30,0,0,93,100,1.0,44.296377000137,46.15697400004137,48.39063150029688,6436.0,6436.0,6564.0,40.071426,42.15278,44.2361595,0.32847,0.335522,0.3496815,,,,,,,,,,,,,,,,,,,,,,,,
bounds,policy,100,both,10,False,verdict,nibli,15,15,0,0,30,30,0,0,93,100,1.0,3382.4462624979788,3436.4757209987147,3460.383076500875,119248.0,120112.0,121276.0,40.3348905,41.91173,43.547328,3277.433367,3319.740448,3344.817932,,,,,,,,,,,,,,,,,,,,,,,,
bounds,policy,100,both,10,True,verdict,nibli,15,15,0,0,30,30,0,0,93,100,1.0,45.694807999097975,47.01744400153984,50.41379099839105,6436.0,6436.0,6564.0,41.5351835,42.168158999999996,46.368621000000005,0.33576000000000006,0.341368,0.36346100000000003,,,,,,,,,,,,,,,,,,,,,,,,
bounds,policy,100,both,20,False,verdict,nibli,15,15,0,0,30,30,0,0,93,100,1.0,3491.1685890001536,3588.768297002389,3684.44415599879,118734.0,121184.0,121756.0,40.3800495,43.784724,44.8554565,3397.2317414999998,3487.968836,3570.4506985,,,,,,,,,,,,,,,,,,,,,,,,
bounds,policy,100,both,20,True,verdict,nibli,15,15,0,0,30,30,0,0,93,100,1.0,43.80361050061765,46.88010200334247,47.9681545002677,6436.0,6436.0,6564.0,39.688608,42.729420999999995,43.327992,0.326764,0.34661,0.3567585,,,,,,,,,,,,,,,,,,,,,,,,
comparison,chain,4,backward,10,True,verdict,clingo,15,15,0,0,15,15,0,0,4,4,1.0,4.210929500004568,4.465386999072507,4.917026999464724,7756.0,7756.0,7884.0,,,,,,,,,,,,,,,,,,,,,,,,,,,,,,
comparison,chain,4,backward,10,True,verdict,nibli,15,15,0,0,15,15,0,0,4,4,1.0,8.06119899971236,9.156386000540806,9.443157499845256,4644.0,4644.0,4644.0,0.2968075,0.321628,0.3526745,4.370378499999999,5.064354,5.318481500000001,,,,,,,,,,,,,,,,,,,,,,,,
comparison,chain,4,backward,10,True,verdict,souffle,15,15,0,0,15,15,0,0,4,4,1.0,4.185475500889879,4.345494999142829,4.7159540008578915,5692.0,5692.0,5692.0,,,,,,,,,,,,,,,,,,,,,,,,,,,,,,
comparison,chain,4,forward,10,True,verdict,clingo,15,15,0,0,15,15,0,0,4,4,1.0,4.377004499474424,4.588828996929806,4.8345175000577,7756.0,7884.0,7884.0,,,,,,,,,,,,,,,,,,,,,,,,,,,,,,
comparison,chain,4,forward,10,True,verdict,nibli,15,15,0,0,15,15,0,0,4,4,1.0,67.89768250018824,77.63053799862973,80.35340649985301,4900.0,4900.0,4900.0,0.3192625,0.32651600000000003,0.401305,63.94365199999999,73.929279,76.4587795,,,,,,,,,,,,,,,,,,,,,,,,
comparison,chain,4,forward,10,True,verdict,souffle,15,15,0,0,15,15,0,0,4,4,1.0,4.2129294997721445,4.346949001046596,5.187131500861142,5692.0,5692.0,5692.0,,,,,,,,,,,,,,,,,,,,,,,,,,,,,,
comparison,chain,8,backward,10,True,verdict,clingo,15,15,0,0,15,15,0,0,8,8,1.0,4.332665999754681,4.498374000831973,4.605963998983498,7756.0,7756.0,7884.0,,,,,,,,,,,,,,,,,,,,,,,,,,,,,,
comparison,chain,8,backward,10,True,verdict,nibli,15,15,0,0,15,15,0,0,8,8,1.0,34.97033300118346,35.979214997496456,36.621363999074674,4900.0,4900.0,4900.0,0.4903495,0.513723,0.5801810000000001,30.718102000000002,31.41178,31.959426,,,,,,,,,,,,,,,,,,,,,,,,
comparison,chain,8,backward,10,True,verdict,souffle,15,15,0,0,15,15,0,0,8,8,1.0,4.161893501077429,4.269738998118555,4.516412000157288,5692.0,5692.0,5692.0,,,,,,,,,,,,,,,,,,,,,,,,,,,,,,
comparison,chain,8,forward,10,True,verdict,clingo,15,15,0,0,15,15,0,0,8,8,1.0,4.597662000378477,4.782635000083246,5.098311499750707,7756.0,7884.0,7884.0,,,,,,,,,,,,,,,,,,,,,,,,,,,,,,
comparison,chain,8,forward,10,True,verdict,nibli,15,15,0,0,15,15,0,0,8,8,1.0,2910.377107000386,3504.2411419999553,5104.2733550002595,6820.0,6820.0,6948.0,0.5474005,0.5533330000000001,0.6093149999999999,2904.24518,3499.316065,5097.6249325,,,,,,,,,,,,,,,,,,,,,,,,
comparison,chain,8,forward,10,True,verdict,souffle,15,15,0,0,15,15,0,0,8,8,1.0,4.324093500144954,4.860076998738805,4.995178499484609,5692.0,5692.0,5692.0,,,,,,,,,,,,,,,,,,,,,,,,,,,,,,
comparison,chain,12,backward,10,True,verdict,clingo,15,15,0,0,15,15,0,0,12,12,1.0,4.398114999276004,4.608767001627712,4.871969999840076,7756.0,7884.0,7884.0,,,,,,,,,,,,,,,,,,,,,,,,,,,,,,
comparison,chain,12,backward,10,True,verdict,nibli,15,15,0,0,15,15,0,0,12,12,1.0,97.76172400052019,100.33030399790732,104.46164200038766,5284.0,5284.0,5284.0,0.759949,0.815389,0.845746,93.42003700000001,95.955585,99.3646035,,,,,,,,,,,,,,,,,,,,,,,,
comparison,chain,12,backward,10,True,verdict,souffle,15,15,0,0,15,15,0,0,12,12,1.0,4.161038999882294,4.320732001360739,4.522347499005264,5692.0,5692.0,5692.0,,,,,,,,,,,,,,,,,,,,,,,,,,,,,,
comparison,chain,12,forward,10,True,verdict,clingo,15,15,0,0,15,15,0,0,12,12,1.0,4.775633999088313,5.341462998330826,5.4458285003420315,7756.0,7756.0,7884.0,,,,,,,,,,,,,,,,,,,,,,,,,,,,,,
comparison,chain,12,forward,10,True,verdict,nibli,15,0,15,0,15,0,0,0,12,12,0.0,,,,,,,,,,,,,,,,,,,,,,,,,,,,,,,,,,,,
comparison,chain,12,forward,10,True,verdict,souffle,15,15,0,0,15,15,0,0,12,12,1.0,4.5488145005947445,4.6206719998735934,4.919212499771675,5692.0,5692.0,5692.0,,,,,,,,,,,,,,,,,,,,,,,,,,,,,,
comparison,chain,16,backward,10,True,verdict,clingo,15,15,0,0,15,15,0,0,16,16,1.0,4.488921498705167,4.66666099964641,4.914164001093013,7884.0,7884.0,7884.0,,,,,,,,,,,,,,,,,,,,,,,,,,,,,,
comparison,chain,16,backward,10,True,verdict,nibli,15,15,0,0,15,15,0,0,16,16,1.0,201.9654809992062,204.71961699877284,234.19809299957706,5796.0,5796.0,5796.0,1.183489,1.218793,1.291156,196.910462,199.67862,228.57697299999998,,,,,,,,,,,,,,,,,,,,,,,,
comparison,chain,16,backward,10,True,verdict,souffle,15,15,0,0,15,15,0,0,16,16,1.0,4.359670001576887,4.670022000937024,4.828750001252047,5692.0,5692.0,5692.0,,,,,,,,,,,,,,,,,,,,,,,,,,,,,,
comparison,chain,16,forward,10,True,verdict,clingo,15,15,0,0,15,15,0,0,16,16,1.0,4.672840999774053,5.381689999921946,6.188012000166054,7884.0,7884.0,7884.0,,,,,,,,,,,,,,,,,,,,,,,,,,,,,,
comparison,chain,16,forward,10,True,verdict,nibli,15,0,15,0,15,0,0,0,16,16,0.0,,,,,,,,,,,,,,,,,,,,,,,,,,,,,,,,,,,,
comparison,chain,16,forward,10,True,verdict,souffle,15,15,0,0,15,15,0,0,16,16,1.0,4.672974999266444,5.050320000009378,5.470851500831486,5692.0,5692.0,5692.0,,,,,,,,,,,,,,,,,,,,,,,,,,,,,,
comparison,chain,32,backward,10,True,verdict,clingo,15,15,0,0,15,15,0,0,32,32,1.0,5.211431000134326,5.526165998162469,5.926816500505083,7884.0,7884.0,7884.0,,,,,,,,,,,,,,,,,,,,,,,,,,,,,,
comparison,chain,32,backward,10,True,verdict,nibli,15,15,0,0,15,15,0,0,32,32,1.0,1644.003289500688,1661.3767220005684,1666.449588499745,9308.0,9324.0,9324.0,3.28665,3.374086,3.7473245,1633.9741334999999,1651.9401460000001,1657.6086959999998,,,,,,,,,,,,,,,,,,,,,,,,
comparison,chain,32,backward,10,True,verdict,souffle,15,15,0,0,15,15,0,0,32,32,1.0,4.885231999651296,5.116089996590745,5.248722498436109,5692.0,5692.0,5692.0,,,,,,,,,,,,,,,,,,,,,,,,,,,,,,
comparison,chain,32,forward,10,True,verdict,clingo,15,15,0,0,15,15,0,0,32,32,1.0,5.365444500057492,5.499226999745588,5.8855709994531935,7884.0,7884.0,7884.0,,,,,,,,,,,,,,,,,,,,,,,,,,,,,,
comparison,chain,32,forward,10,True,verdict,nibli,15,0,15,0,15,0,0,0,32,32,0.0,,,,,,,,,,,,,,,,,,,,,,,,,,,,,,,,,,,,
comparison,chain,32,forward,10,True,verdict,souffle,15,15,0,0,15,15,0,0,32,32,1.0,4.966035499819554,5.3109719992789906,5.8080205008081975,5692.0,5692.0,5692.0,,,,,,,,,,,,,,,,,,,,,,,,,,,,,,
comparison,policy,100,both,10,True,verdict,clingo,15,15,0,0,30,30,0,0,93,100,1.0,4.661546000534145,4.979150999133708,5.42094100092072,7884.0,7884.0,7884.0,,,,,,,,,,,,,,,,,,,,,,,,,,,,,,
comparison,policy,100,both,10,True,verdict,nibli,15,15,0,0,30,30,0,0,93,100,1.0,45.18777150042297,47.047288999237935,48.679891999199754,6436.0,6436.0,6564.0,40.858858,42.104403999999995,44.1734395,0.3347135,0.355774,0.3916325,,,,,,,,,,,,,,,,,,,,,,,,
comparison,policy,100,both,10,True,verdict,souffle,15,15,0,0,30,30,0,0,93,100,1.0,4.37115999920934,4.662650997488527,5.162070998267154,5784.0,5784.0,5784.0,,,,,,,,,,,,,,,,,,,,,,,,,,,,,,
comparison,policy,1000,both,10,True,verdict,clingo,15,15,0,0,30,30,0,0,969,1014,1.0,7.168693000494386,7.608732001244789,7.968200501636602,8140.0,8140.0,8140.0,,,,,,,,,,,,,,,,,,,,,,,,,,,,,,
comparison,policy,1000,both,10,True,verdict,nibli,15,15,0,0,30,30,0,0,969,1014,1.0,3831.557575498664,3949.9244119979267,4056.501996999941,23134.0,23200.0,23304.0,3822.491218,3941.642882,4046.046217,1.9428985,2.000682,2.0489129999999998,,,,,,,,,,,,,,,,,,,,,,,,
comparison,policy,1000,both,10,True,verdict,souffle,15,15,0,0,30,30,0,0,969,1014,1.0,4.762800999742467,5.284599999868078,5.59869499920751,5912.0,5912.0,5912.0,,,,,,,,,,,,,,,,,,,,,,,,,,,,,,
comparison,policy,10000,both,10,True,verdict,clingo,15,15,0,0,30,30,0,0,9899,10030,1.0,29.707204997976078,30.27464800106827,30.980034500316833,10382.0,10404.0,10420.0,,,,,,,,,,,,,,,,,,,,,,,,,,,,,,
comparison,policy,10000,both,10,True,verdict,nibli,15,0,15,0,30,0,0,0,9899,10030,0.0,,,,,,,,,,,,,,,,,,,,,,,,,,,,,,,,,,,,
comparison,policy,10000,both,10,True,verdict,souffle,15,15,0,0,30,30,0,0,9899,10030,1.0,7.827750499927788,8.14423900010297,8.547215000362485,6680.0,6680.0,6680.0,,,,,,,,,,,,,,,,,,,,,,,,,,,,,,
evidence,policy,100,both,10,True,certificate,nibli,15,15,0,0,30,30,0,0,93,100,1.0,49.14961750000657,51.408774001174606,56.50916199920175,7076.0,7204.0,7204.0,41.245158,43.476237,47.1964435,,,,3.1309574999999996,3.2543050000000004,3.600211,,,,,,,,,,104631.0,105191.0,105751.0,927.0,932.0,937.0,0.001535,0.00163,0.0019399999999999999,0.0720285,0.08712199999999999,0.0990735
evidence,policy,100,both,10,True,verdict,nibli,15,15,0,0,30,30,0,0,93,100,1.0,45.90166150046571,46.485120998113416,51.19234000085271,6436.0,6436.0,6564.0,41.6697355,42.239494,46.727697500000005,0.341464,0.345274,0.36160600000000004,,,,,,,,,,,,,,,,,,,,,,,,
evidence,policy,1000,both,10,True,certificate,nibli,15,15,0,0,30,30,0,0,969,1014,1.0,4033.592720999877,4102.202059000774,4158.30283249943,28056.0,28176.0,28236.0,3935.5445660000005,4004.7355820000002,4059.118304,,,,77.8643025,79.433249,82.5626615,,,,,,,,,,967001.0,971521.0,972651.0,8572.0,8612.0,8622.0,0.0170685,0.018751,0.022433500000000002,0.6225054999999999,0.7070619999999999,0.7269255000000001
evidence,policy,1000,both,10,True,verdict,nibli,15,15,0,0,30,30,0,0,969,1014,1.0,3817.87330950101,3851.6348140001355,3953.0464244980976,23126.0,23220.0,23288.0,3808.3093474999996,3842.1033209999996,3944.0242985,1.8836965,1.989874,2.102992,,,,,,,,,,,,,,,,,,,,,,,,
evidence,policy,10000,both,10,True,certificate,nibli,15,0,15,0,30,0,0,0,9899,10030,0.0,,,,,,,,,,,,,,,,,,,,,,,,,,,,,,,,,,,,
evidence,policy,10000,both,10,True,verdict,nibli,15,0,15,0,30,0,0,0,9899,10030,0.0,,,,,,,,,,,,,,,,,,,,,,,,,,,,,,,,,,,,
updates,policy,100,both,10,True,updates,nibli,15,15,0,0,480,480,0,0,94,101,1.0,1081.3189390009939,1108.9849999989383,1180.0688485000137,12232.0,12380.0,12576.0,351.429944,367.418787,381.029444,,,,64.429937,66.538426,70.96126950000001,7.448411,7.795677,9.027493,6.1378425000000005,6.269316,7.314123,598.212044,622.73695,648.000804,2020528.0,2031176.0,2041864.0,16932.0,17022.0,17112.0,0.029782,0.030376,0.0310175,1.2208585,1.279233,1.3334405
updates,policy,1000,both,10,True,updates,nibli,15,14,1,0,480,476,0,0,970,1015,0.9916666666666667,23585.621970499233,24704.56385450052,25346.557427001244,50548.0,50636.0,50965.0,7620.09983525,7927.836314,8183.90099925,,,,1550.79928,1606.0448945,1739.8468715,70.25524349999999,309.4152485,425.05954375,44.7546235,126.433628,189.16733299999999,13648.50110975,14021.209870499999,14814.085664,18414017.0,18500242.0,18521757.0,154542.0,155262.0,155442.0,0.3564,0.382201,0.43928525,11.0555355,12.0042805,13.50948725
